Reebok EasyTone (game), https://vimeo.com/19785139, 19785139, vimeo, sound: Balthazar, http://localhost/sivir/public/img/vimeo.jpg


Audi Lovers - Rockstar HD, https://www.youtube.com/embed/wjixtWYjfi4, wjixtWYjfi4, youtube, if you like the videos be sure to subscribe! Special thanks to Auditography and Vossen!, https://i.ytimg.com/vi/wjixtWYjfi4/mqdefault.jpg


Small wooden cars - Different ways to mount wheels, https://vimeo.com/431587212, 431587212, vimeo, null, http://localhost/sivir/public/img/vimeo.jpg


OnePlus 8 (Pro): How to enable the Developer Options? for USB Debugging etc., https://www.youtube.com/embed/tfdxcOevhQA, tfdxcOevhQA, youtube, With this video, I want to show you, how you can activate the developer options at the One Plus 8 and 8 Pro. I will show you also, how you can disable it after., https://i.ytimg.com/vi/tfdxcOevhQA/mqdefault.jpg


DJ Snake, J. Balvin, Tyga - Loco Contigo, https://www.youtube.com/embed/zNl00mOSnJI, zNl00mOSnJI, youtube, STREAM , https://i.ytimg.com/vi/zNl00mOSnJI/mqdefault.jpg


E.V.O.L.U.C.I.O.N
.
.
.
.
.
.
.
#evolucion #evolution #dog #slowmotion #friend #bestfriend #bf #sena #labrador #animal #running #video #senatequeremos #digievolucion #digievolution #blackdog, https://www.instagram.com/p/CBv_GHzq3ZD, CBv_GHzq3ZD, instagram, E.V.O.L.U.C.I.O.N
.
.
.
.
.
.
.
#evolucion #evolution #dog #slowmotion #friend #bestfriend #bf #sena #labrador #animal #running #video #senatequeremos #digievolucion #digievolution #blackdog, https://instagram.fias1-1.fna.fbcdn.net/v/t51.2885-15/sh0.08/e35/s640x640/105971104_1910100325787339_4794241909068005108_n.jpg?_nc_ht=instagram.fias1-1.fna.fbcdn.net&_nc_cat=111&_nc_ohc=yfoMqKhkGY8AX_e_NIR&oh=7320b65f50ebd5d086a06dca27ac311c&oe=5EF396A0


#SkiesAndHorizons #photographer #naturephotography #naturelover #tree #rock #forest #woods #birdssounds #tennesseelife #outdoors, https://www.instagram.com/p/CBv_U8YnSVb, CBv_U8YnSVb, instagram, #SkiesAndHorizons #photographer #naturephotography #naturelover #tree #rock #forest #woods #birdssounds #tennesseelife #outdoors, https://instagram.fias1-1.fna.fbcdn.net/v/t51.2885-15/sh0.08/e35/c0.90.720.720a/s640x640/104290934_353222632307614_1664151122896532426_n.jpg?_nc_ht=instagram.fias1-1.fna.fbcdn.net&amp;_nc_cat=110&amp;_nc_ohc=dIklUvgZJx4AX_RHolZ&amp;oh=541eadb8b2d111a680e2a8e0b8a50eff&amp;oe=5EF33F61


#resina #resin #artedellaresina #creazioni #flower #natura, https://www.instagram.com/p/CBwAeDOIi2u, CBwAeDOIi2u, instagram, #resina #resin #artedellaresina #creazioni #flower #natura, https://instagram.fias1-1.fna.fbcdn.net/v/t51.2885-15/sh0.08/e35/s640x640/104433025_272814480473137_3858221621942126459_n.jpg?_nc_ht=instagram.fias1-1.fna.fbcdn.net&_nc_cat=101&_nc_ohc=YDYAzX_OsTkAX-THpDH&oh=1ea7a3ba19302ac5a7928a33064cd824&oe=5EF3AEF3


, https://www.youtube.com/embed/NT1HGnotQWc, NT1HGnotQWc, youtube, 'Tiger King' Joe Exotic 's Barbary lion has become friends with Abby, the tiny wiener puppy dog at G.W. Zoo. The Netflix show ' Tiger King ' is now one of the ..., https://i.ytimg.com/vi/NT1HGnotQWc/mqdefault.jpg


