Our Tesla Model Y is HERE! Thoughts About New Touchless Delivery,https://www.youtube.com/embed/zXLcy8VtmPo,youtube
CAPO PLAZA - Tesla feat. Sfera Ebbasta, DrefGold (Prod. AVA, Charlie Charles, Daves The Kid),https://www.youtube.com/embed/BDx_YTf9x1g,youtube
Tesla Model 3 Performance Review: Don&#39;t Believe The Hype? | 4K,https://www.youtube.com/embed/Wny-k4RTYmQ,youtube
Tesla Powerwall: how quickly can it respond to a power cut? | FULLY CHARGED for clean energy &amp; EVs,https://www.youtube.com/embed/9xuleBA4Zcg,youtube
GAZDA PAJA - TESLA (OFFICIAL VIDEO 2018),https://www.youtube.com/embed/x2gh1NiLX18,youtube
Tesla,https://www.vimeo.com/127395815,vimeo
Tesla,https://www.vimeo.com/2282082,vimeo
2025 Tesla Commercial,https://www.vimeo.com/126308961,vimeo
TESLA DIVAS,https://www.vimeo.com/55782203,vimeo
Tesla Mnemonic,https://www.vimeo.com/114213597,vimeo
ORIGINAL ¬ÆÔ∏è
.
–õ–∞–∏ÃÜ–∫, –∫–æ–º–º–µ–Ω—Ç, —Å–æ—Ö—Ä–∞–Ω–µ–Ω–∏–µ ‚ù§Ô∏è
‚Äî ‚Äî ‚Äî ‚Äî ‚Äî ‚Äî ‚Äî
#–±–ø–∞–Ω #—Ç–æ–Ω–∏—Ä–æ–≤–∫–∞ #arabiandrift #—Ç–∞–∑—ã #operstyle #–∑–∞–Ω–∏–∂–µ–Ω–∏–µ #–∫–æ—Ä—á #–∞—Ä–∞–±—ã #avto #–º–∞—à–∏–Ω–∞ #bunker #–±—É–Ω–∫–µ—Ä #–±–µ–∑–ø–æ—Å–∞–¥–∫–∏–∞–≤—Ç–æ–Ω–µ—Ç #drive2 #drift #–∞—Ä–∞–±—ã#–ø—Ä–µ—Å—Ç—É–ø–ª–µ–Ω–∏–µ #vaz #–≤–∏–¥–µ–æ–ø—Ä–∏–∫–æ–ª—ã #–ø–Ω–µ–≤–º–∞ #–¥—Ä–∞–∏ÃÜ–≤ #,https://www.instagram.com/p/CBQCHpFFZ7l,instagram
True worthy of mjolnir.üíÄ
.
.
.
.
#simulation #glitch #glitchart #aftereffects
#motiongraphic #motiondesigners #scifi 
#tracking #polygonartgroup #cyberpunk
#element3d #abstractart #music #mograph 
#neon #deadpool #3d #trapmusic #futurehouse #bassmusi,https://www.instagram.com/p/CBQB32DAivS,instagram
The 2020 Tesla Roadster will have an option to have cold gas rocket thrusters from SpaceX behind the folding license plate... It's like full-on James Bond!üöÄüòçüíØ .
.
A cold gas thruster is a simple rocket engine used in smaller Spacecraft üöÄüî•
.
.
.
.
.
 ,https://www.instagram.com/p/CBQBBr8gSD7,instagram
–ù–µ —Ö–æ—Ç–µ–ª –±—ã —è –±—ã—Ç—å –Ω–∞ –º–µ—Å—Ç–µ —ç—Ç–æ–≥–æ –≤–æ–¥–∏—Ç–µ–ª—è üò±‚ûñ‚ûñ‚ûñ‚ûñ‚ûñ‚ûñ‚ûñ‚ûñ‚ûñ‚ûñ‚ûñ‚ûñ‚ûñ‚ûñ‚ûñ‚ûñ‚ûñ‚ûñ‚ûñ üé•: - 
–ü–æ–¥–ø–∏—à–∏—Å—å: @luxury.major ‚úîÔ∏è
#lmüíé #bmw  #major #followme #follow #bmwm3 #snow #i8 #bmwm4 #m3  #e35 #majorka #bmwi8 #8series #bmwconcept #cars #740li #760li #xdrive #x1 #x6 #x5 #x5m ,https://www.instagram.com/p/CBQBUisAsIG,instagram
lambo üî•
#cars#rs6 #e39 #m3f80 #otomobil#e60m5 #supercars #drift #speed #engine #tuning #racing 
#bmw  #mercedes #audi #tesla #lamborghini #bugatti #mclaren #golf #rs6 #seat #cupra#wolkswagen #rally #bentleycontinental #brabus#bmwm850,https://www.instagram.com/p/CBQBISNnjKU,instagram
