Volvo Trucks - Look Who‚Äôs Driving feat. 4-year-old Sophie (Live Test), https://www.youtube.com/embed/7kx67NnuSd0, 7kx67NnuSd0, youtube, A full-size truck. A little girl with a remote control. A gravel pit filled with obstacles. Is our toughest truck tough enough to survive Sophie? Find out, share and ..., https://i.ytimg.com/vi/7kx67NnuSd0/mqdefault.jpg


–ù–∞ Xiaomi Mi 9T—É—Å—Ç–∞–Ω–æ–≤–ª–µ–Ω–∞ ! ‚†Ä
‚ú≥Ô∏è –¢–µ–∫—Å—Ç—É—Ä–Ω–æ–µ –ø–æ–∫—Ä—ã—Ç–∏–µ ‚†Ä
‚ôªÔ∏è –ì–ª—è–Ω—Ü–µ–≤–∞—è –ü–ª–µ–Ω–∫–∞ ‚†Ä
‚ùé –ù–µ —É–≤–µ–ª–∏—á–∏–≤–∞–µ—Ç –≥–∞–±–∞—Ä–∏—Ç—ã ‚†Ä
‚ùáÔ∏è –ù–µ —Ç—Ä–µ—Å–∫–∞–µ—Ç—Å—è. ‚†Ä
üî∑BRONOSKINS —ç—Ç–æ –∏–Ω–Ω–æ–≤–∞—Ü–∏–æ–Ω–Ω–æ–µ –ø–æ–ª–∏—É—Ä–µ—Ç–∞–Ω–æ–≤–∞—è –±—Ä–æ–Ω—è, –∫–æ—Ç–æ—Ä–∞—è —Å–æ—Å—Ç–æ–∏—Ç –∏–∑ 4 —Å–ª–æ–µ–≤ : 
1 –°–∞–º–æ–≤–æ—Å—Å—Ç–∞–Ω–æ–≤–ª–∏–≤–∞—é—â–∏–π—Å—è —Å–ª–æ–π ‚úÖ 
2 –ü—Ä–æ—Ç–∏–≤–æ—É–¥–∞—Ä–Ω—ã–π —Å–ª–æ–π ‚úÖ
3 –°–∏–ª–∏–∫–æ–Ω–æ–≤–∞—è –æ—Å–Ω–æ–≤–∞ ‚úÖ
4 –û–ø—Ç–∏—á–µ—Å–∫–∏–π –∫–ª–µ–µ–≤–æ–π —Å–ª–æ–π ‚úÖ
üî•üî•üî•üî•‚†Ä
üíéBRONOSKINS –¥–µ–ª–∞–µ—Ç –≤–µ—â–∏üëåüèª‚†Ä ********************************
üëâ@bronoskins_bishkek
üëâ@bronoskins_bishkek
‚ú¥Ô∏è–¢–µ–ª–µ—Ñ–æ–Ω—ã, –ß–∞—Å—ã, –ù–æ—É—Ç–±—É–∫–∏ –∏ –¥—Ä.
‚úÖ –ì–∞—Ä–∞–Ω—Ç–∏—è 365 –¥–Ω–µ–π üì≤–ë–æ–ª–µ–µ –ø–æ–¥—Ä–æ–±–Ω–∞—è –∏–Ω—Ñ–æ—Ä–º–∞—Ü–∏—è –ø–æ —Å—Å—ã–ª–∫–µ –≤–Ω–∏–∑üëá –≤ WhatsApp
Wa.me/996222492989

–û—Å—Ç–∞–ª–∏—Å—å –≤–æ–ø—Ä–æ—Å—ã? –ü–∏—à–∏—Ç–µ, –º—ã –ø–æ–¥—Å–∫–∞–∂–µ–º!–î–ª—è –≤—Å–µ–π –ø–æ–¥—Ä–æ–±–Ω–æ–π –∏–Ω—Ñ–æ—Ä–º–∞—Ü–∏–∏ –∑–≤–æ–Ω–∏—Ç–µ:
‚òé0222492989 –∏–ª–∏ 0777492989
–ª–∏–±–æ –ø–∏—à–∏—Ç–µ –≤ –î–∏—Ä–µ–∫—Çüíå
·Ö†·Ö†·Ö†·Ö†·Ö†·Ö†·Ö†·Ö†
üìç–ö–∏–µ–≤—Å–∫–∞—è —Å –®–æ–ø–æ–∫–æ–≤–æ–π ( –ì–£–ú –ß–´–ù–ê–†)

#–ß—ã–Ω–∞—Ä–∞–ì—É–º#–ì—É–º#bronoskins#–∑–∞—â–∏—Ç–Ω–∞—è#–ø–ª–µ–Ω–∫–∞#–¥–ª—è –≤—Å–µ—Ö –º–æ–¥–µ–ª–µ–π #—Ç–µ–ª–µ—Ñ–æ–Ω#AirPods#–Ω–æ—É—Ç–±—É–∫–æ–≤#—á–∞—Å—ã#–±–∏—à–∫–µ–∫#—Ç–µ–∫—Å—Ç—É—Ä–∞#samsung#honor#huawei#xiaomi#redmi#apple#iphone#sony#canon#lg#applewatch#–ì—É–º—á—ã–Ω–∞—Ä#–ì—É–º#–¶—É–º–∞–π—á—É—Ä–æ–∫#–¶—É–º#–ö—ã—Ä–≥—ã–∑—Å—Ç–∞–Ω#–±–∏—à–∫–µ–∫#ps4, https://www.instagram.com/p/CByMX_sjCg9, CByMX_sjCg9, instagram, –ù–∞ Xiaomi Mi 9T—É—Å—Ç–∞–Ω–æ–≤–ª–µ–Ω–∞ ! ‚†Ä
‚ú≥Ô∏è –¢–µ–∫—Å—Ç—É—Ä–Ω–æ–µ –ø–æ–∫—Ä—ã—Ç–∏–µ ‚†Ä
‚ôªÔ∏è –ì–ª—è–Ω—Ü–µ–≤–∞—è –ü–ª–µ–Ω–∫–∞ ‚†Ä
‚ùé –ù–µ —É–≤–µ–ª–∏—á–∏–≤–∞–µ—Ç –≥–∞–±–∞—Ä–∏—Ç—ã ‚†Ä
‚ùáÔ∏è –ù–µ —Ç—Ä–µ—Å–∫–∞–µ—Ç—Å—è. ‚†Ä
üî∑BRONOSKINS —ç—Ç–æ –∏–Ω–Ω–æ–≤–∞—Ü–∏–æ–Ω–Ω–æ–µ –ø–æ–ª–∏—É—Ä–µ—Ç–∞–Ω–æ–≤–∞—è –±—Ä–æ–Ω—è, –∫–æ—Ç–æ—Ä–∞—è —Å–æ—Å—Ç–æ–∏—Ç –∏–∑ 4 —Å–ª–æ–µ–≤ : 
1 –°–∞–º–æ–≤–æ—Å—Å—Ç–∞–Ω–æ–≤–ª–∏–≤–∞—é—â–∏–π—Å—è —Å–ª–æ–π ‚úÖ 
2 –ü—Ä–æ—Ç–∏–≤–æ—É–¥–∞—Ä–Ω—ã–π —Å–ª–æ–π ‚úÖ
3 –°–∏–ª–∏–∫–æ–Ω–æ–≤–∞—è –æ—Å–Ω–æ–≤–∞ ‚úÖ
4 –û–ø—Ç–∏—á–µ—Å–∫–∏–π –∫–ª–µ–µ–≤–æ–π —Å–ª–æ–π ‚úÖ
üî•üî•üî•üî•‚†Ä
üíéBRONOSKINS –¥–µ–ª–∞–µ—Ç –≤–µ—â–∏üëåüèª‚†Ä ********************************
üëâ@bronoskins_bishkek
üëâ@bronoskins_bishkek
‚ú¥Ô∏è–¢–µ–ª–µ—Ñ–æ–Ω—ã, –ß–∞—Å—ã, –ù–æ—É—Ç–±—É–∫–∏ –∏ –¥—Ä.
‚úÖ –ì–∞—Ä–∞–Ω—Ç–∏—è 365 –¥–Ω–µ–π üì≤–ë–æ–ª–µ–µ –ø–æ–¥—Ä–æ–±–Ω–∞—è –∏–Ω—Ñ–æ—Ä–º–∞—Ü–∏—è –ø–æ —Å—Å—ã–ª–∫–µ –≤–Ω–∏–∑üëá –≤ WhatsApp
Wa.me/996222492989

–û—Å—Ç–∞–ª–∏—Å—å –≤–æ–ø—Ä–æ—Å—ã? –ü–∏—à–∏—Ç–µ, –º—ã –ø–æ–¥—Å–∫–∞–∂–µ–º!–î–ª—è –≤—Å–µ–π –ø–æ–¥—Ä–æ–±–Ω–æ–π –∏–Ω—Ñ–æ—Ä–º–∞—Ü–∏–∏ –∑–≤–æ–Ω–∏—Ç–µ:
‚òé0222492989 –∏–ª–∏ 0777492989
–ª–∏–±–æ –ø–∏—à–∏—Ç–µ –≤ –î–∏—Ä–µ–∫—Çüíå
·Ö†·Ö†·Ö†·Ö†·Ö†·Ö†·Ö†·Ö†
üìç–ö–∏–µ–≤—Å–∫–∞—è —Å –®–æ–ø–æ–∫–æ–≤–æ–π ( –ì–£–ú –ß–´–ù–ê–†)

#–ß—ã–Ω–∞—Ä–∞–ì—É–º#–ì—É–º#bronoskins#–∑–∞—â–∏—Ç–Ω–∞—è#–ø–ª–µ–Ω–∫–∞#–¥–ª—è –≤—Å–µ—Ö –º–æ–¥–µ–ª–µ–π #—Ç–µ–ª–µ—Ñ–æ–Ω#AirPods#–Ω–æ—É—Ç–±—É–∫–æ–≤#—á–∞—Å—ã#–±–∏—à–∫–µ–∫#—Ç–µ–∫—Å—Ç—É—Ä–∞#samsung#honor#huawei#xiaomi#redmi#apple#iphone#sony#canon#lg#applewatch#–ì—É–º—á—ã–Ω–∞—Ä#–ì—É–º#–¶—É–º–∞–π—á—É—Ä–æ–∫#–¶—É–º#–ö—ã—Ä–≥—ã–∑—Å—Ç–∞–Ω#–±–∏—à–∫–µ–∫#ps4, https://instagram.fias1-1.fna.fbcdn.net/v/t51.2885-15/sh0.08/e35/c0.90.720.720a/s640x640/105943697_143224774016346_4575477735480016242_n.jpg?_nc_ht=instagram.fias1-1.fna.fbcdn.net&_nc_cat=106&_nc_ohc=SSDF5xF_JWUAX8L0vgN&oh=e4af22ac321c338c1db36c093fbc907b&oe=5EF45F41


Huawei ‚Ä¢ Mate 8, https://vimeo.com/149726227, 149726227, vimeo, null, http://localhost/sivir/public/img/vimeo.jpg


The Huawei Ban: Explained!, https://www.youtube.com/embed/qZGpmWrVSaU, qZGpmWrVSaU, youtube, Huawei flagships without Google or Android? This is everything you need to know. Fingers crossed Huawei can resolve things. For the sake of competition., https://i.ytimg.com/vi/qZGpmWrVSaU/mqdefault.jpg


–ï—â–µÃà –Ω–µ–º–Ω–æ–≥–æ —Ñ–∞–∫—Ç–æ–≤: üî¥–°–∞–º—ã–∏ÃÜ –≤—ã—Å–æ–∫–∏–∏ÃÜ –ø—Ä—ã–∂–æ–∫ –±—ã–ª –∑–∞—Ñ–∏–∫—Å–∏—Ä–æ–≤–∞–Ω –≤ 1993–≥, –∏—â–µ–∏ÃÜ–∫–æ–∏ÃÜ –°—Ç–µ–≥, –≤ –≤–æ–∑—Ä–∞—Å—Ç–µ 18 –º–µ—Å—è—Ü–µ–≤. –û–Ω–∞ –≤–∑—è–ª–∞ –≤—ã—Å–æ—Ç—É 3–º72—Å–ºüò±. ¬´–ë—É–¥–µ–º —Å—Ç–∞—Ä–∞—Ç—å—Å—è, –±—É–¥–µ–º...¬ª #–õ–∞–∏ÃÜ–∫–∞_–õ–æ—Ä–∞#–ª–∞–∏ÃÜ–∫–∞#—Å–æ–±–∞–∫–∞#—Å–æ–±–∞–∫–∞–ª–∞–∏ÃÜ–∫–∞#–∂–∏–≤–æ—Ç–Ω—ã–µ#—Å–º–µ—à–Ω—ã–µ–∂–∏–≤–æ—Ç–Ω—ã–µ#–ø—Ä—ã–∂–æ–∫#–∫—Ä–∞—Å–Ω–æ–¥–∞—Ä#—Å–æ–±–∞–∫–∞–ª–µ—Ç–∏—Ç#–∫–∞–≤–∫–∞–∑#—Å–º–µ—Ö#—é–º–æ—Ä#–ª—é–±–ª—é–∂–∏–≤–æ—Ç–Ω—ã—Ö#—Å–æ–±–∞–∫–∞–∫–æ—à–∫–∞#–ª–∞–∏ÃÜ–∫#—Ç—Ä–µ–Ω–¥#—Ç–∏–∫—Ç–æ–∫#–∏–Ω—Å—Ç—Ä–∞–≥—Ä–∞–º#–ª–∞–ø—ã#—Ö–≤–æ—Å—Ç—ã#—É—à–∏#–º–æ–¥–∞#–º–∏–ª–æ#—à–∫–æ–¥–∞#—Ä–∞–¥–æ—Å—Ç—å#–ª—é–±–æ–≤—å#dog#doglife#doglovers#doglove, https://www.instagram.com/p/CByKCWZDc5J, CByKCWZDc5J, instagram, –ï—â–µÃà –Ω–µ–º–Ω–æ–≥–æ —Ñ–∞–∫—Ç–æ–≤: üî¥–°–∞–º—ã–∏ÃÜ –≤—ã—Å–æ–∫–∏–∏ÃÜ –ø—Ä—ã–∂–æ–∫ –±—ã–ª –∑–∞—Ñ–∏–∫—Å–∏—Ä–æ–≤–∞–Ω –≤ 1993–≥, –∏—â–µ–∏ÃÜ–∫–æ–∏ÃÜ –°—Ç–µ–≥, –≤ –≤–æ–∑—Ä–∞—Å—Ç–µ 18 –º–µ—Å—è—Ü–µ–≤. –û–Ω–∞ –≤–∑—è–ª–∞ –≤—ã—Å–æ—Ç—É 3–º72—Å–ºüò±. ¬´–ë—É–¥–µ–º —Å—Ç–∞—Ä–∞—Ç—å—Å—è, –±—É–¥–µ–º...¬ª #–õ–∞–∏ÃÜ–∫–∞_–õ–æ—Ä–∞#–ª–∞–∏ÃÜ–∫–∞#—Å–æ–±–∞–∫–∞#—Å–æ–±–∞–∫–∞–ª–∞–∏ÃÜ–∫–∞#–∂–∏–≤–æ—Ç–Ω—ã–µ#—Å–º–µ—à–Ω—ã–µ–∂–∏–≤–æ—Ç–Ω—ã–µ#–ø—Ä—ã–∂–æ–∫#–∫—Ä–∞—Å–Ω–æ–¥–∞—Ä#—Å–æ–±–∞–∫–∞–ª–µ—Ç–∏—Ç#–∫–∞–≤–∫–∞–∑#—Å–º–µ—Ö#—é–º–æ—Ä#–ª—é–±–ª—é–∂–∏–≤–æ—Ç–Ω—ã—Ö#—Å–æ–±–∞–∫–∞–∫–æ—à–∫–∞#–ª–∞–∏ÃÜ–∫#—Ç—Ä–µ–Ω–¥#—Ç–∏–∫—Ç–æ–∫#–∏–Ω—Å—Ç—Ä–∞–≥—Ä–∞–º#–ª–∞–ø—ã#—Ö–≤–æ—Å—Ç—ã#—É—à–∏#–º–æ–¥–∞#–º–∏–ª–æ#—à–∫–æ–¥–∞#—Ä–∞–¥–æ—Å—Ç—å#–ª—é–±–æ–≤—å#dog#doglife#doglovers#doglove, https://instagram.fias1-1.fna.fbcdn.net/v/t51.2885-15/sh0.08/e35/s640x640/104968280_1378434185665090_775923528709390999_n.jpg?_nc_ht=instagram.fias1-1.fna.fbcdn.net&_nc_cat=110&_nc_ohc=TrkCyLk2K-AAX9Tkont&oh=d5012030324709b87020e3bf9090287c&oe=5EF47D25


Reebok EasyTone (game), https://vimeo.com/19785139, 19785139, vimeo, sound: Balthazar, http://localhost/sivir/public/img/vimeo.jpg


Audi Lovers - Rockstar HD, https://www.youtube.com/embed/wjixtWYjfi4, wjixtWYjfi4, youtube, if you like the videos be sure to subscribe! Special thanks to Auditography and Vossen!, https://i.ytimg.com/vi/wjixtWYjfi4/mqdefault.jpg


Small wooden cars - Different ways to mount wheels, https://vimeo.com/431587212, 431587212, vimeo, null, http://localhost/sivir/public/img/vimeo.jpg


OnePlus 8 (Pro): How to enable the Developer Options? for USB Debugging etc., https://www.youtube.com/embed/tfdxcOevhQA, tfdxcOevhQA, youtube, With this video, I want to show you, how you can activate the developer options at the One Plus 8 and 8 Pro. I will show you also, how you can disable it after., https://i.ytimg.com/vi/tfdxcOevhQA/mqdefault.jpg


DJ Snake, J. Balvin, Tyga - Loco Contigo, https://www.youtube.com/embed/zNl00mOSnJI, zNl00mOSnJI, youtube, STREAM , https://i.ytimg.com/vi/zNl00mOSnJI/mqdefault.jpg


E.V.O.L.U.C.I.O.N
.
.
.
.
.
.
.
#evolucion #evolution #dog #slowmotion #friend #bestfriend #bf #sena #labrador #animal #running #video #senatequeremos #digievolucion #digievolution #blackdog, https://www.instagram.com/p/CBv_GHzq3ZD, CBv_GHzq3ZD, instagram, E.V.O.L.U.C.I.O.N
.
.
.
.
.
.
.
#evolucion #evolution #dog #slowmotion #friend #bestfriend #bf #sena #labrador #animal #running #video #senatequeremos #digievolucion #digievolution #blackdog, https://instagram.fias1-1.fna.fbcdn.net/v/t51.2885-15/sh0.08/e35/s640x640/105971104_1910100325787339_4794241909068005108_n.jpg?_nc_ht=instagram.fias1-1.fna.fbcdn.net&_nc_cat=111&_nc_ohc=yfoMqKhkGY8AX_e_NIR&oh=7320b65f50ebd5d086a06dca27ac311c&oe=5EF396A0


#SkiesAndHorizons #photographer #naturephotography #naturelover #tree #rock #forest #woods #birdssounds #tennesseelife #outdoors, https://www.instagram.com/p/CBv_U8YnSVb, CBv_U8YnSVb, instagram, #SkiesAndHorizons #photographer #naturephotography #naturelover #tree #rock #forest #woods #birdssounds #tennesseelife #outdoors, https://instagram.fias1-1.fna.fbcdn.net/v/t51.2885-15/sh0.08/e35/c0.90.720.720a/s640x640/104290934_353222632307614_1664151122896532426_n.jpg?_nc_ht=instagram.fias1-1.fna.fbcdn.net&amp;_nc_cat=110&amp;_nc_ohc=dIklUvgZJx4AX_RHolZ&amp;oh=541eadb8b2d111a680e2a8e0b8a50eff&amp;oe=5EF33F61


#resina #resin #artedellaresina #creazioni #flower #natura, https://www.instagram.com/p/CBwAeDOIi2u, CBwAeDOIi2u, instagram, #resina #resin #artedellaresina #creazioni #flower #natura, https://instagram.fias1-1.fna.fbcdn.net/v/t51.2885-15/sh0.08/e35/s640x640/104433025_272814480473137_3858221621942126459_n.jpg?_nc_ht=instagram.fias1-1.fna.fbcdn.net&_nc_cat=101&_nc_ohc=YDYAzX_OsTkAX-THpDH&oh=1ea7a3ba19302ac5a7928a33064cd824&oe=5EF3AEF3


, https://www.youtube.com/embed/NT1HGnotQWc, NT1HGnotQWc, youtube, 'Tiger King' Joe Exotic 's Barbary lion has become friends with Abby, the tiny wiener puppy dog at G.W. Zoo. The Netflix show ' Tiger King ' is now one of the ..., https://i.ytimg.com/vi/NT1HGnotQWc/mqdefault.jpg


